{
  "coverage_pct": 0.7694817845835283,
  "n_stops": 2200,
  "avg_stop_size": 5317.173130193906,
  "dist_to_stop_p50_m": 44.61453697556909,
  "dist_to_stop_p90_m": 142.83595628157718,
  "n_segments_total": 485191,
  "car_like_share": 1.0,
  "median_segment_duration_sec": 45.0,
  "median_segment_distance_m": 400.9255153605727,
  "gates": {
    "coverage_ok": false,
    "p90_ok": true,
    "stops_ok": true
  }
}